{
    "accuracy_score": 0.7676767676767676,
    "f1_score": 0.676056338028169,
    "precision_score": 0.6857142857142857,
    "recall_score": 0.6666666666666666
}