{
    "accuracy_score": 0.8585858585858586,
    "f1_score": 0.7878787878787877,
    "precision_score": 0.8666666666666667,
    "recall_score": 0.7222222222222222
}
